"Label (Grouping)","Alabama!!Total!!Estimate","Alabama!!Percent!!Estimate","Alabama!!Male!!Estimate","Alabama!!Percent Male!!Estimate","Alabama!!Female!!Estimate","Alabama!!Percent Female!!Estimate","Alaska!!Total!!Estimate","Alaska!!Percent!!Estimate","Alaska!!Male!!Estimate","Alaska!!Percent Male!!Estimate","Alaska!!Female!!Estimate","Alaska!!Percent Female!!Estimate","Arizona!!Total!!Estimate","Arizona!!Percent!!Estimate","Arizona!!Male!!Estimate","Arizona!!Percent Male!!Estimate","Arizona!!Female!!Estimate","Arizona!!Percent Female!!Estimate","Arkansas!!Total!!Estimate","Arkansas!!Percent!!Estimate","Arkansas!!Male!!Estimate","Arkansas!!Percent Male!!Estimate","Arkansas!!Female!!Estimate","Arkansas!!Percent Female!!Estimate","California!!Total!!Estimate","California!!Percent!!Estimate","California!!Male!!Estimate","California!!Percent Male!!Estimate","California!!Female!!Estimate","California!!Percent Female!!Estimate","Colorado!!Total!!Estimate","Colorado!!Percent!!Estimate","Colorado!!Male!!Estimate","Colorado!!Percent Male!!Estimate","Colorado!!Female!!Estimate","Colorado!!Percent Female!!Estimate","Connecticut!!Total!!Estimate","Connecticut!!Percent!!Estimate","Connecticut!!Male!!Estimate","Connecticut!!Percent Male!!Estimate","Connecticut!!Female!!Estimate","Connecticut!!Percent Female!!Estimate","Delaware!!Total!!Estimate","Delaware!!Percent!!Estimate","Delaware!!Male!!Estimate","Delaware!!Percent Male!!Estimate","Delaware!!Female!!Estimate","Delaware!!Percent Female!!Estimate","District of Columbia!!Total!!Estimate","District of Columbia!!Percent!!Estimate","District of Columbia!!Male!!Estimate","District of Columbia!!Percent Male!!Estimate","District of Columbia!!Female!!Estimate","District of Columbia!!Percent Female!!Estimate","Florida!!Total!!Estimate","Florida!!Percent!!Estimate","Florida!!Male!!Estimate","Florida!!Percent Male!!Estimate","Florida!!Female!!Estimate","Florida!!Percent Female!!Estimate","Georgia!!Total!!Estimate","Georgia!!Percent!!Estimate","Georgia!!Male!!Estimate","Georgia!!Percent Male!!Estimate","Georgia!!Female!!Estimate","Georgia!!Percent Female!!Estimate","Hawaii!!Total!!Estimate","Hawaii!!Percent!!Estimate","Hawaii!!Male!!Estimate","Hawaii!!Percent Male!!Estimate","Hawaii!!Female!!Estimate","Hawaii!!Percent Female!!Estimate","Idaho!!Total!!Estimate","Idaho!!Percent!!Estimate","Idaho!!Male!!Estimate","Idaho!!Percent Male!!Estimate","Idaho!!Female!!Estimate","Idaho!!Percent Female!!Estimate","Illinois!!Total!!Estimate","Illinois!!Percent!!Estimate","Illinois!!Male!!Estimate","Illinois!!Percent Male!!Estimate","Illinois!!Female!!Estimate","Illinois!!Percent Female!!Estimate","Indiana!!Total!!Estimate","Indiana!!Percent!!Estimate","Indiana!!Male!!Estimate","Indiana!!Percent Male!!Estimate","Indiana!!Female!!Estimate","Indiana!!Percent Female!!Estimate","Iowa!!Total!!Estimate","Iowa!!Percent!!Estimate","Iowa!!Male!!Estimate","Iowa!!Percent Male!!Estimate","Iowa!!Female!!Estimate","Iowa!!Percent Female!!Estimate","Kansas!!Total!!Estimate","Kansas!!Percent!!Estimate","Kansas!!Male!!Estimate","Kansas!!Percent Male!!Estimate","Kansas!!Female!!Estimate","Kansas!!Percent Female!!Estimate","Kentucky!!Total!!Estimate","Kentucky!!Percent!!Estimate","Kentucky!!Male!!Estimate","Kentucky!!Percent Male!!Estimate","Kentucky!!Female!!Estimate","Kentucky!!Percent Female!!Estimate","Louisiana!!Total!!Estimate","Louisiana!!Percent!!Estimate","Louisiana!!Male!!Estimate","Louisiana!!Percent Male!!Estimate","Louisiana!!Female!!Estimate","Louisiana!!Percent Female!!Estimate","Maine!!Total!!Estimate","Maine!!Percent!!Estimate","Maine!!Male!!Estimate","Maine!!Percent Male!!Estimate","Maine!!Female!!Estimate","Maine!!Percent Female!!Estimate","Maryland!!Total!!Estimate","Maryland!!Percent!!Estimate","Maryland!!Male!!Estimate","Maryland!!Percent Male!!Estimate","Maryland!!Female!!Estimate","Maryland!!Percent Female!!Estimate","Massachusetts!!Total!!Estimate","Massachusetts!!Percent!!Estimate","Massachusetts!!Male!!Estimate","Massachusetts!!Percent Male!!Estimate","Massachusetts!!Female!!Estimate","Massachusetts!!Percent Female!!Estimate","Michigan!!Total!!Estimate","Michigan!!Percent!!Estimate","Michigan!!Male!!Estimate","Michigan!!Percent Male!!Estimate","Michigan!!Female!!Estimate","Michigan!!Percent Female!!Estimate","Minnesota!!Total!!Estimate","Minnesota!!Percent!!Estimate","Minnesota!!Male!!Estimate","Minnesota!!Percent Male!!Estimate","Minnesota!!Female!!Estimate","Minnesota!!Percent Female!!Estimate","Mississippi!!Total!!Estimate","Mississippi!!Percent!!Estimate","Mississippi!!Male!!Estimate","Mississippi!!Percent Male!!Estimate","Mississippi!!Female!!Estimate","Mississippi!!Percent Female!!Estimate","Missouri!!Total!!Estimate","Missouri!!Percent!!Estimate","Missouri!!Male!!Estimate","Missouri!!Percent Male!!Estimate","Missouri!!Female!!Estimate","Missouri!!Percent Female!!Estimate","Montana!!Total!!Estimate","Montana!!Percent!!Estimate","Montana!!Male!!Estimate","Montana!!Percent Male!!Estimate","Montana!!Female!!Estimate","Montana!!Percent Female!!Estimate","Nebraska!!Total!!Estimate","Nebraska!!Percent!!Estimate","Nebraska!!Male!!Estimate","Nebraska!!Percent Male!!Estimate","Nebraska!!Female!!Estimate","Nebraska!!Percent Female!!Estimate","Nevada!!Total!!Estimate","Nevada!!Percent!!Estimate","Nevada!!Male!!Estimate","Nevada!!Percent Male!!Estimate","Nevada!!Female!!Estimate","Nevada!!Percent Female!!Estimate","New Hampshire!!Total!!Estimate","New Hampshire!!Percent!!Estimate","New Hampshire!!Male!!Estimate","New Hampshire!!Percent Male!!Estimate","New Hampshire!!Female!!Estimate","New Hampshire!!Percent Female!!Estimate","New Jersey!!Total!!Estimate","New Jersey!!Percent!!Estimate","New Jersey!!Male!!Estimate","New Jersey!!Percent Male!!Estimate","New Jersey!!Female!!Estimate","New Jersey!!Percent Female!!Estimate","New Mexico!!Total!!Estimate","New Mexico!!Percent!!Estimate","New Mexico!!Male!!Estimate","New Mexico!!Percent Male!!Estimate","New Mexico!!Female!!Estimate","New Mexico!!Percent Female!!Estimate","New York!!Total!!Estimate","New York!!Percent!!Estimate","New York!!Male!!Estimate","New York!!Percent Male!!Estimate","New York!!Female!!Estimate","New York!!Percent Female!!Estimate","North Carolina!!Total!!Estimate","North Carolina!!Percent!!Estimate","North Carolina!!Male!!Estimate","North Carolina!!Percent Male!!Estimate","North Carolina!!Female!!Estimate","North Carolina!!Percent Female!!Estimate","North Dakota!!Total!!Estimate","North Dakota!!Percent!!Estimate","North Dakota!!Male!!Estimate","North Dakota!!Percent Male!!Estimate","North Dakota!!Female!!Estimate","North Dakota!!Percent Female!!Estimate","Ohio!!Total!!Estimate","Ohio!!Percent!!Estimate","Ohio!!Male!!Estimate","Ohio!!Percent Male!!Estimate","Ohio!!Female!!Estimate","Ohio!!Percent Female!!Estimate","Oklahoma!!Total!!Estimate","Oklahoma!!Percent!!Estimate","Oklahoma!!Male!!Estimate","Oklahoma!!Percent Male!!Estimate","Oklahoma!!Female!!Estimate","Oklahoma!!Percent Female!!Estimate","Oregon!!Total!!Estimate","Oregon!!Percent!!Estimate","Oregon!!Male!!Estimate","Oregon!!Percent Male!!Estimate","Oregon!!Female!!Estimate","Oregon!!Percent Female!!Estimate","Pennsylvania!!Total!!Estimate","Pennsylvania!!Percent!!Estimate","Pennsylvania!!Male!!Estimate","Pennsylvania!!Percent Male!!Estimate","Pennsylvania!!Female!!Estimate","Pennsylvania!!Percent Female!!Estimate","Rhode Island!!Total!!Estimate","Rhode Island!!Percent!!Estimate","Rhode Island!!Male!!Estimate","Rhode Island!!Percent Male!!Estimate","Rhode Island!!Female!!Estimate","Rhode Island!!Percent Female!!Estimate","South Carolina!!Total!!Estimate","South Carolina!!Percent!!Estimate","South Carolina!!Male!!Estimate","South Carolina!!Percent Male!!Estimate","South Carolina!!Female!!Estimate","South Carolina!!Percent Female!!Estimate","South Dakota!!Total!!Estimate","South Dakota!!Percent!!Estimate","South Dakota!!Male!!Estimate","South Dakota!!Percent Male!!Estimate","South Dakota!!Female!!Estimate","South Dakota!!Percent Female!!Estimate","Tennessee!!Total!!Estimate","Tennessee!!Percent!!Estimate","Tennessee!!Male!!Estimate","Tennessee!!Percent Male!!Estimate","Tennessee!!Female!!Estimate","Tennessee!!Percent Female!!Estimate","Texas!!Total!!Estimate","Texas!!Percent!!Estimate","Texas!!Male!!Estimate","Texas!!Percent Male!!Estimate","Texas!!Female!!Estimate","Texas!!Percent Female!!Estimate","Utah!!Total!!Estimate","Utah!!Percent!!Estimate","Utah!!Male!!Estimate","Utah!!Percent Male!!Estimate","Utah!!Female!!Estimate","Utah!!Percent Female!!Estimate","Vermont!!Total!!Estimate","Vermont!!Percent!!Estimate","Vermont!!Male!!Estimate","Vermont!!Percent Male!!Estimate","Vermont!!Female!!Estimate","Vermont!!Percent Female!!Estimate","Virginia!!Total!!Estimate","Virginia!!Percent!!Estimate","Virginia!!Male!!Estimate","Virginia!!Percent Male!!Estimate","Virginia!!Female!!Estimate","Virginia!!Percent Female!!Estimate","Washington!!Total!!Estimate","Washington!!Percent!!Estimate","Washington!!Male!!Estimate","Washington!!Percent Male!!Estimate","Washington!!Female!!Estimate","Washington!!Percent Female!!Estimate","West Virginia!!Total!!Estimate","West Virginia!!Percent!!Estimate","West Virginia!!Male!!Estimate","West Virginia!!Percent Male!!Estimate","West Virginia!!Female!!Estimate","West Virginia!!Percent Female!!Estimate","Wisconsin!!Total!!Estimate","Wisconsin!!Percent!!Estimate","Wisconsin!!Male!!Estimate","Wisconsin!!Percent Male!!Estimate","Wisconsin!!Female!!Estimate","Wisconsin!!Percent Female!!Estimate","Wyoming!!Total!!Estimate","Wyoming!!Percent!!Estimate","Wyoming!!Male!!Estimate","Wyoming!!Percent Male!!Estimate","Wyoming!!Female!!Estimate","Wyoming!!Percent Female!!Estimate","Puerto Rico!!Total!!Estimate","Puerto Rico!!Percent!!Estimate","Puerto Rico!!Male!!Estimate","Puerto Rico!!Percent Male!!Estimate","Puerto Rico!!Female!!Estimate","Puerto Rico!!Percent Female!!Estimate","United States!!Total!!Estimate","United States!!Percent!!Estimate","United States!!Male!!Estimate","United States!!Percent Male!!Estimate","United States!!Female!!Estimate","United States!!Percent Female!!Estimate"
"Population 16 years and over with earnings","2,369,607","2,369,607","1,234,815","1,234,815","1,134,792","1,134,792","403,168","403,168","224,873","224,873","178,295","178,295","3,660,483","3,660,483","1,952,683","1,952,683","1,707,800","1,707,800","1,463,459","1,463,459","762,694","762,694","700,765","700,765","20,742,427","20,742,427","11,168,898","11,168,898","9,573,529","9,573,529","3,342,819","3,342,819","1,796,569","1,796,569","1,546,250","1,546,250","2,006,182","2,006,182","1,032,728","1,032,728","973,454","973,454","516,435","516,435","261,502","261,502","254,933","254,933","430,142","430,142","204,309","204,309","225,833","225,833","10,777,278","10,777,278","5,610,576","5,610,576","5,166,702","5,166,702","5,495,781","5,495,781","2,827,170","2,827,170","2,668,611","2,668,611","769,472","769,472","404,384","404,384","365,088","365,088","944,093","944,093","510,393","510,393","433,700","433,700","6,839,352","6,839,352","3,548,885","3,548,885","3,290,467","3,290,467","3,596,206","3,596,206","1,879,571","1,879,571","1,716,635","1,716,635","1,770,875","1,770,875","927,228","927,228","843,647","843,647","1,613,821","1,613,821","853,194","853,194","760,627","760,627","2,222,836","2,222,836","1,151,576","1,151,576","1,071,260","1,071,260","2,251,396","2,251,396","1,151,035","1,151,035","1,100,361","1,100,361","754,324","754,324","386,835","386,835","367,489","367,489","3,372,619","3,372,619","1,712,600","1,712,600","1,660,019","1,660,019","4,034,423","4,034,423","2,052,468","2,052,468","1,981,955","1,981,955","5,238,216","5,238,216","2,733,979","2,733,979","2,504,237","2,504,237","3,280,148","3,280,148","1,703,059","1,703,059","1,577,089","1,577,089","1,386,225","1,386,225","705,835","705,835","680,390","680,390","3,226,506","3,226,506","1,653,342","1,653,342","1,573,164","1,573,164","587,976","587,976","311,956","311,956","276,020","276,020","1,107,588","1,107,588","587,833","587,833","519,755","519,755","1,606,778","1,606,778","864,654","864,654","742,124","742,124","805,006","805,006","421,005","421,005","384,001","384,001","4,871,972","4,871,972","2,546,480","2,546,480","2,325,492","2,325,492","1,024,001","1,024,001","540,963","540,963","483,038","483,038","10,429,826","10,429,826","5,336,031","5,336,031","5,093,795","5,093,795","5,475,083","5,475,083","2,832,460","2,832,460","2,642,623","2,642,623","451,603","451,603","244,869","244,869","206,734","206,734","6,255,420","6,255,420","3,237,972","3,237,972","3,017,448","3,017,448","1,987,964","1,987,964","1,055,250","1,055,250","932,714","932,714","2,270,459","2,270,459","1,185,614","1,185,614","1,084,845","1,084,845","6,908,740","6,908,740","3,592,335","3,592,335","3,316,405","3,316,405","601,164","601,164","305,005","305,005","296,159","296,159","2,619,697","2,619,697","1,343,985","1,343,985","1,275,712","1,275,712","502,103","502,103","266,229","266,229","235,874","235,874","3,527,345","3,527,345","1,820,209","1,820,209","1,707,136","1,707,136","15,074,554","15,074,554","8,151,031","8,151,031","6,923,523","6,923,523","1,746,464","1,746,464","950,095","950,095","796,369","796,369","368,491","368,491","189,252","189,252","179,239","179,239","4,728,857","4,728,857","2,452,011","2,452,011","2,276,846","2,276,846","4,180,920","4,180,920","2,257,697","2,257,697","1,923,223","1,923,223","834,764","834,764","439,231","439,231","395,533","395,533","3,284,212","3,284,212","1,703,534","1,703,534","1,580,678","1,580,678","320,482","320,482","172,726","172,726","147,756","147,756","1,127,822","1,127,822","600,870","600,870","526,952","526,952","174,079,762","174,079,762","91,259,628","91,259,628","82,820,134","82,820,134"
"    Median earnings (dollars)","31,962","(X)","40,190","(X)","25,958","(X)","40,334","(X)","46,001","(X)","34,950","(X)","34,397","(X)","38,996","(X)","30,308","(X)","30,818","(X)","35,650","(X)","26,457","(X)","39,549","(X)","44,242","(X)","32,406","(X)","40,646","(X)","48,082","(X)","32,371","(X)","42,196","(X)","50,790","(X)","36,085","(X)","37,430","(X)","42,673","(X)","32,229","(X)","61,960","(X)","69,852","(X)","56,071","(X)","31,876","(X)","36,280","(X)","28,958","(X)","35,019","(X)","40,395","(X)","30,412","(X)","40,240","(X)","44,411","(X)","36,077","(X)","31,111","(X)","37,742","(X)","24,562","(X)","39,055","(X)","46,333","(X)","31,736","(X)","33,756","(X)","41,268","(X)","27,480","(X)","35,837","(X)","42,262","(X)","30,059","(X)","35,266","(X)","41,524","(X)","27,519","(X)","32,189","(X)","38,545","(X)","27,281","(X)","32,102","(X)","41,101","(X)","26,538","(X)","35,231","(X)","40,678","(X)","30,423","(X)","45,891","(X)","51,361","(X)","40,552","(X)","45,737","(X)","52,201","(X)","38,781","(X)","33,328","(X)","41,137","(X)","27,339","(X)","40,977","(X)","47,704","(X)","34,418","(X)","29,341","(X)","34,908","(X)","24,972","(X)","34,558","(X)","40,522","(X)","29,965","(X)","31,313","(X)","37,976","(X)","25,500","(X)","36,077","(X)","41,536","(X)","30,661","(X)","35,526","(X)","39,335","(X)","31,354","(X)","40,984","(X)","48,693","(X)","33,514","(X)","45,513","(X)","52,345","(X)","37,256","(X)","30,276","(X)","35,175","(X)","25,617","(X)","41,492","(X)","47,239","(X)","36,555","(X)","33,205","(X)","38,228","(X)","29,690","(X)","37,398","(X)","45,899","(X)","30,808","(X)","34,852","(X)","41,358","(X)","28,819","(X)","32,323","(X)","40,259","(X)","26,914","(X)","35,643","(X)","41,243","(X)","30,688","(X)","37,000","(X)","44,105","(X)","30,813","(X)","39,145","(X)","45,787","(X)","34,812","(X)","32,373","(X)","39,893","(X)","27,579","(X)","32,908","(X)","40,152","(X)","28,766","(X)","32,604","(X)","39,010","(X)","28,699","(X)","35,329","(X)","41,239","(X)","29,029","(X)","33,396","(X)","44,749","(X)","25,596","(X)","35,474","(X)","40,185","(X)","31,360","(X)","40,405","(X)","46,552","(X)","33,628","(X)","41,735","(X)","50,447","(X)","34,172","(X)","30,970","(X)","37,783","(X)","25,714","(X)","37,044","(X)","43,188","(X)","31,240","(X)","34,780","(X)","46,506","(X)","26,594","(X)","17,101","(X)","17,117","(X)","17,076","(X)","36,519","(X)","42,101","(X)","30,944","(X)"
"    FULL-TIME, YEAR-ROUND WORKERS WITH EARNINGS","1,626,970","1,626,970","917,533","917,533","709,437","709,437","245,026","245,026","146,178","146,178","98,848","98,848","2,408,971","2,408,971","1,389,301","1,389,301","1,019,670","1,019,670","998,593","998,593","550,991","550,991","447,602","447,602","13,622,265","13,622,265","7,987,286","7,987,286","5,634,979","5,634,979","2,180,530","2,180,530","1,287,384","1,287,384","893,146","893,146","1,259,635","1,259,635","712,430","712,430","547,205","547,205","338,671","338,671","184,330","184,330","154,341","154,341","305,203","305,203","150,017","150,017","155,186","155,186","7,349,397","7,349,397","4,077,950","4,077,950","3,271,447","3,271,447","3,831,235","3,831,235","2,104,995","2,104,995","1,726,240","1,726,240","540,144","540,144","299,590","299,590","240,554","240,554","574,331","574,331","349,238","349,238","225,093","225,093","4,606,479","4,606,479","2,580,499","2,580,499","2,025,980","2,025,980","2,344,886","2,344,886","1,345,189","1,345,189","999,697","999,697","1,165,475","1,165,475","663,372","663,372","502,103","502,103","1,076,430","1,076,430","623,283","623,283","453,147","453,147","1,460,752","1,460,752","819,502","819,502","641,250","641,250","1,515,194","1,515,194","826,680","826,680","688,514","688,514","469,134","469,134","259,939","259,939","209,195","209,195","2,333,469","2,333,469","1,279,372","1,279,372","1,054,097","1,054,097","2,574,137","2,574,137","1,440,167","1,440,167","1,133,970","1,133,970","3,287,601","3,287,601","1,889,445","1,889,445","1,398,156","1,398,156","2,090,621","2,090,621","1,189,388","1,189,388","901,233","901,233","940,750","940,750","509,596","509,596","431,154","431,154","2,171,275","2,171,275","1,195,315","1,195,315","975,960","975,960","349,050","349,050","201,706","201,706","147,344","147,344","749,980","749,980","428,113","428,113","321,867","321,867","1,099,261","1,099,261","624,654","624,654","474,607","474,607","521,174","521,174","300,895","300,895","220,279","220,279","3,318,670","3,318,670","1,888,227","1,888,227","1,430,443","1,430,443","660,531","660,531","373,675","373,675","286,856","286,856","6,963,659","6,963,659","3,845,793","3,845,793","3,117,866","3,117,866","3,647,903","3,647,903","2,041,099","2,041,099","1,606,804","1,606,804","290,483","290,483","171,312","171,312","119,171","119,171","4,060,082","4,060,082","2,285,536","2,285,536","1,774,546","1,774,546","1,365,645","1,365,645","775,828","775,828","589,817","589,817","1,384,426","1,384,426","794,060","794,060","590,366","590,366","4,556,377","4,556,377","2,570,985","2,570,985","1,985,392","1,985,392","389,052","389,052","215,586","215,586","173,466","173,466","1,775,603","1,775,603","983,132","983,132","792,471","792,471","330,890","330,890","188,542","188,542","142,348","142,348","2,395,612","2,395,612","1,337,941","1,337,941","1,057,671","1,057,671","10,525,130","10,525,130","6,129,696","6,129,696","4,395,434","4,395,434","1,084,410","1,084,410","671,678","671,678","412,732","412,732","224,296","224,296","126,466","126,466","97,830","97,830","3,248,200","3,248,200","1,814,285","1,814,285","1,433,915","1,433,915","2,691,386","2,691,386","1,597,066","1,597,066","1,094,320","1,094,320","548,615","548,615","314,354","314,354","234,261","234,261","2,148,822","2,148,822","1,218,277","1,218,277","930,545","930,545","206,580","206,580","120,831","120,831","85,749","85,749","707,538","707,538","390,094","390,094","317,444","317,444","115,853,011","115,853,011","65,798,707","65,798,707","50,054,304","50,054,304"
"        $1 to $9,999 or loss","31,597","1.9%","18,838","2.1%","12,759","1.8%","2,943","1.2%","1,212","0.8%","1,731","1.8%","46,360","1.9%","22,777","1.6%","23,583","2.3%","16,026","1.6%","7,833","1.4%","8,193","1.8%","211,992","1.6%","103,455","1.3%","108,537","1.9%","30,692","1.4%","15,983","1.2%","14,709","1.6%","19,777","1.6%","9,996","1.4%","9,781","1.8%","4,438","1.3%","2,158","1.2%","2,280","1.5%","3,579","1.2%","2,048","1.4%","1,531","1.0%","128,374","1.7%","66,571","1.6%","61,803","1.9%","69,274","1.8%","32,937","1.6%","36,337","2.1%","10,016","1.9%","5,066","1.7%","4,950","2.1%","12,042","2.1%","7,284","2.1%","4,758","2.1%","74,346","1.6%","39,004","1.5%","35,342","1.7%","37,282","1.6%","19,624","1.5%","17,658","1.8%","21,051","1.8%","9,921","1.5%","11,130","2.2%","23,061","2.1%","12,294","2.0%","10,767","2.4%","28,310","1.9%","15,779","1.9%","12,531","2.0%","32,138","2.1%","12,271","1.5%","19,867","2.9%","8,181","1.7%","4,376","1.7%","3,805","1.8%","35,914","1.5%","16,884","1.3%","19,030","1.8%","34,177","1.3%","18,564","1.3%","15,613","1.4%","61,293","1.9%","31,814","1.7%","29,479","2.1%","26,836","1.3%","14,568","1.2%","12,268","1.4%","27,393","2.9%","9,921","1.9%","17,472","4.1%","40,565","1.9%","20,040","1.7%","20,525","2.1%","11,133","3.2%","6,161","3.1%","4,972","3.4%","13,836","1.8%","6,785","1.6%","7,051","2.2%","18,960","1.7%","9,313","1.5%","9,647","2.0%","7,167","1.4%","4,705","1.6%","2,462","1.1%","45,529","1.4%","25,246","1.3%","20,283","1.4%","18,495","2.8%","9,930","2.7%","8,565","3.0%","100,192","1.4%","50,948","1.3%","49,244","1.6%","65,906","1.8%","30,815","1.5%","35,091","2.2%","8,765","3.0%","5,171","3.0%","3,594","3.0%","64,044","1.6%","29,624","1.3%","34,420","1.9%","30,226","2.2%","13,966","1.8%","16,260","2.8%","23,649","1.7%","11,371","1.4%","12,278","2.1%","73,669","1.6%","36,617","1.4%","37,052","1.9%","6,649","1.7%","2,863","1.3%","3,786","2.2%","33,474","1.9%","15,917","1.6%","17,557","2.2%","8,759","2.6%","4,298","2.3%","4,461","3.1%","42,077","1.8%","22,092","1.7%","19,985","1.9%","212,436","2.0%","109,081","1.8%","103,355","2.4%","16,310","1.5%","9,113","1.4%","7,197","1.7%","3,736","1.7%","2,118","1.7%","1,618","1.7%","52,533","1.6%","24,203","1.3%","28,330","2.0%","29,975","1.1%","16,054","1.0%","13,921","1.3%","10,706","2.0%","5,936","1.9%","4,770","2.0%","35,670","1.7%","19,732","1.6%","15,938","1.7%","4,113","2.0%","1,512","1.3%","2,601","3.0%","33,430","4.7%","18,983","4.9%","14,447","4.6%","1,975,666","1.7%","994,789","1.5%","980,877","2.0%"
"        $10,000 to $14,999","56,838","3.5%","26,256","2.9%","30,582","4.3%","4,707","1.9%","2,579","1.8%","2,128","2.2%","59,548","2.5%","27,620","2.0%","31,928","3.1%","34,460","3.5%","15,089","2.7%","19,371","4.3%","334,618","2.5%","169,648","2.1%","164,970","2.9%","48,704","2.2%","23,811","1.8%","24,893","2.8%","18,226","1.4%","7,737","1.1%","10,489","1.9%","7,416","2.2%","4,712","2.6%","2,704","1.8%","1,979","0.6%","678","0.5%","1,301","0.8%","265,131","3.6%","125,191","3.1%","139,940","4.3%","125,894","3.3%","55,646","2.6%","70,248","4.1%","8,374","1.6%","3,936","1.3%","4,438","1.8%","17,223","3.0%","7,176","2.1%","10,047","4.5%","111,493","2.4%","49,871","1.9%","61,622","3.0%","53,100","2.3%","24,485","1.8%","28,615","2.9%","29,276","2.5%","13,168","2.0%","16,108","3.2%","33,981","3.2%","13,687","2.2%","20,294","4.5%","45,820","3.1%","20,787","2.5%","25,033","3.9%","79,546","5.2%","34,658","4.2%","44,888","6.5%","7,960","1.7%","3,648","1.4%","4,312","2.1%","36,849","1.6%","20,481","1.6%","16,368","1.6%","32,839","1.3%","15,476","1.1%","17,363","1.5%","85,478","2.6%","36,979","2.0%","48,499","3.5%","35,512","1.7%","16,614","1.4%","18,898","2.1%","46,471","4.9%","20,048","3.9%","26,423","6.1%","59,586","2.7%","27,476","2.3%","32,110","3.3%","12,901","3.7%","5,817","2.9%","7,084","4.8%","19,107","2.5%","8,365","2.0%","10,742","3.3%","31,288","2.8%","14,775","2.4%","16,513","3.5%","8,279","1.6%","5,166","1.7%","3,113","1.4%","70,705","2.1%","30,352","1.6%","40,353","2.8%","27,634","4.2%","13,029","3.5%","14,605","5.1%","131,190","1.9%","69,266","1.8%","61,924","2.0%","113,945","3.1%","50,026","2.5%","63,919","4.0%","7,032","2.4%","3,388","2.0%","3,644","3.1%","99,008","2.4%","45,506","2.0%","53,502","3.0%","47,965","3.5%","21,234","2.7%","26,731","4.5%","26,108","1.9%","12,521","1.6%","13,587","2.3%","110,665","2.4%","51,259","2.0%","59,406","3.0%","7,929","2.0%","3,801","1.8%","4,128","2.4%","61,307","3.5%","24,804","2.5%","36,503","4.6%","10,732","3.2%","5,399","2.9%","5,333","3.7%","73,175","3.1%","32,078","2.4%","41,097","3.9%","392,899","3.7%","179,788","2.9%","213,111","4.8%","28,607","2.6%","14,662","2.2%","13,945","3.4%","4,000","1.8%","2,302","1.8%","1,698","1.7%","75,829","2.3%","38,391","2.1%","37,438","2.6%","40,985","1.5%","20,281","1.3%","20,704","1.9%","22,424","4.1%","10,721","3.4%","11,703","5.0%","48,019","2.2%","23,739","1.9%","24,280","2.6%","7,699","3.7%","3,105","2.6%","4,594","5.4%","84,175","11.9%","47,717","12.2%","36,458","11.5%","3,120,461","2.7%","1,457,232","2.2%","1,663,229","3.3%"
"        $15,000 to $24,999","242,003","14.9%","99,572","10.9%","142,431","20.1%","25,554","10.4%","14,587","10.0%","10,967","11.1%","292,310","12.1%","145,703","10.5%","146,607","14.4%","166,099","16.6%","74,875","13.6%","91,224","20.4%","1,380,305","10.1%","731,535","9.2%","648,770","11.5%","169,985","7.8%","81,091","6.3%","88,894","10.0%","80,227","6.4%","36,977","5.2%","43,250","7.9%","31,254","9.2%","15,589","8.5%","15,665","10.1%","11,087","3.6%","6,003","4.0%","5,084","3.3%","1,108,021","15.1%","523,892","12.8%","584,129","17.9%","490,032","12.8%","219,911","10.4%","270,121","15.6%","51,369","9.5%","26,255","8.8%","25,114","10.4%","73,715","12.8%","38,055","10.9%","35,660","15.8%","441,738","9.6%","189,943","7.4%","251,795","12.4%","255,410","10.9%","105,040","7.8%","150,370","15.0%","107,169","9.2%","43,089","6.5%","64,080","12.8%","115,883","10.8%","50,912","8.2%","64,971","14.3%","191,713","13.1%","87,182","10.6%","104,531","16.3%","216,592","14.3%","88,465","10.7%","128,127","18.6%","41,643","8.9%","16,518","6.4%","25,125","12.0%","162,773","7.0%","81,101","6.3%","81,672","7.7%","133,853","5.2%","59,261","4.1%","74,592","6.6%","348,143","10.6%","162,343","8.6%","185,800","13.3%","131,194","6.3%","59,423","5.0%","71,771","8.0%","167,543","17.8%","76,444","15.0%","91,099","21.1%","259,158","11.9%","118,104","9.9%","141,054","14.5%","42,564","12.2%","22,743","11.3%","19,821","13.5%","72,996","9.7%","32,286","7.5%","40,710","12.6%","128,174","11.7%","60,418","9.7%","67,756","14.3%","33,326","6.4%","14,543","4.8%","18,783","8.5%","254,882","7.7%","119,106","6.3%","135,776","9.5%","100,571","15.2%","48,115","12.9%","52,456","18.3%","557,985","8.0%","272,023","7.1%","285,962","9.2%","477,018","13.1%","240,544","11.8%","236,474","14.7%","22,428","7.7%","9,687","5.7%","12,741","10.7%","432,067","10.6%","183,432","8.0%","248,635","14.0%","186,800","13.7%","82,394","10.6%","104,406","17.7%","128,731","9.3%","63,255","8.0%","65,476","11.1%","418,659","9.2%","183,700","7.1%","234,959","11.8%","27,889","7.2%","14,584","6.8%","13,305","7.7%","246,374","13.9%","112,836","11.5%","133,538","16.9%","35,969","10.9%","16,014","8.5%","19,955","14.0%","312,182","13.0%","141,085","10.5%","171,097","16.2%","1,430,067","13.6%","676,346","11.0%","753,721","17.1%","98,998","9.1%","44,592","6.6%","54,406","13.2%","16,976","7.6%","8,212","6.5%","8,764","9.0%","323,810","10.0%","147,311","8.1%","176,499","12.3%","190,711","7.1%","91,926","5.8%","98,785","9.0%","79,714","14.5%","36,956","11.8%","42,758","18.3%","186,817","8.7%","84,737","7.0%","102,080","11.0%","22,042","10.7%","10,043","8.3%","11,999","14.0%","270,926","38.3%","149,510","38.3%","121,416","38.2%","12,522,523","10.8%","5,868,758","8.9%","6,653,765","13.3%"
"        $25,000 to $34,999","279,334","17.2%","142,932","15.6%","136,402","19.2%","29,552","12.1%","17,005","11.6%","12,547","12.7%","404,190","16.8%","218,174","15.7%","186,016","18.2%","193,972","19.4%","93,471","17.0%","100,501","22.5%","1,889,309","13.9%","1,045,101","13.1%","844,208","15.0%","281,677","12.9%","145,854","11.3%","135,823","15.2%","131,563","10.4%","66,326","9.3%","65,237","11.9%","48,983","14.5%","22,053","12.0%","26,930","17.4%","18,692","6.1%","8,154","5.4%","10,538","6.8%","1,397,477","19.0%","712,879","17.5%","684,598","20.9%","661,035","17.3%","327,080","15.5%","333,955","19.3%","80,318","14.9%","44,507","14.9%","35,811","14.9%","103,582","18.0%","51,375","14.7%","52,207","23.2%","660,464","14.3%","316,353","12.3%","344,111","17.0%","416,534","17.8%","193,406","14.4%","223,128","22.3%","186,877","16.0%","82,880","12.5%","103,997","20.7%","169,474","15.7%","85,482","13.7%","83,992","18.5%","248,500","17.0%","121,376","14.8%","127,124","19.8%","234,453","15.5%","112,535","13.6%","121,918","17.7%","79,725","17.0%","35,879","13.8%","43,846","21.0%","264,495","11.3%","131,614","10.3%","132,881","12.6%","271,048","10.5%","131,717","9.1%","139,331","12.3%","512,670","15.6%","246,370","13.0%","266,300","19.0%","257,153","12.3%","115,634","9.7%","141,519","15.7%","170,167","18.1%","81,860","16.1%","88,307","20.5%","366,009","16.9%","171,556","14.4%","194,453","19.9%","52,829","15.1%","23,539","11.7%","29,290","19.9%","120,108","16.0%","56,690","13.2%","63,418","19.7%","203,017","18.5%","113,611","18.2%","89,406","18.8%","69,568","13.3%","30,154","10.0%","39,414","17.9%","389,252","11.7%","202,900","10.7%","186,352","13.0%","116,457","17.6%","59,072","15.8%","57,385","20.0%","903,135","13.0%","475,262","12.4%","427,873","13.7%","608,338","16.7%","306,067","15.0%","302,271","18.8%","42,872","14.8%","19,386","11.3%","23,486","19.7%","655,439","16.1%","307,166","13.4%","348,273","19.6%","237,386","17.4%","111,836","14.4%","125,550","21.3%","206,104","14.9%","104,121","13.1%","101,983","17.3%","679,316","14.9%","321,306","12.5%","358,010","18.0%","50,189","12.9%","23,411","10.9%","26,778","15.4%","303,122","17.1%","143,926","14.6%","159,196","20.1%","57,488","17.4%","25,375","13.5%","32,113","22.6%","439,777","18.4%","212,671","15.9%","227,106","21.5%","1,634,109","15.5%","879,424","14.3%","754,685","17.2%","178,600","16.5%","86,653","12.9%","91,947","22.3%","36,937","16.5%","20,012","15.8%","16,925","17.3%","432,497","13.3%","214,220","11.8%","218,277","15.2%","343,580","12.8%","168,018","10.5%","175,562","16.0%","103,542","18.9%","49,629","15.8%","53,913","23.0%","323,533","15.1%","146,684","12.0%","176,849","19.0%","29,934","14.5%","11,931","9.9%","18,003","21.0%","122,909","17.4%","59,124","15.2%","63,785","20.1%","17,574,382","15.2%","8,834,637","13.4%","8,739,745","17.5%"
"        $35,000 to $49,999","332,264","20.4%","170,771","18.6%","161,493","22.8%","43,568","17.8%","23,193","15.9%","20,375","20.6%","518,783","21.5%","282,915","20.4%","235,868","23.1%","219,399","22.0%","118,122","21.4%","101,277","22.6%","2,385,783","17.5%","1,356,960","17.0%","1,028,823","18.3%","429,484","19.7%","232,557","18.1%","196,927","22.0%","215,083","17.1%","109,349","15.3%","105,734","19.3%","69,246","20.4%","34,576","18.8%","34,670","22.5%","40,230","13.2%","16,444","11.0%","23,786","15.3%","1,527,863","20.8%","827,307","20.3%","700,556","21.4%","755,710","19.7%","401,726","19.1%","353,984","20.5%","117,475","21.7%","57,153","19.1%","60,322","25.1%","126,966","22.1%","74,934","21.5%","52,032","23.1%","839,830","18.2%","439,991","17.1%","399,839","19.7%","538,541","23.0%","287,063","21.3%","251,478","25.2%","273,495","23.5%","149,555","22.5%","123,940","24.7%","240,378","22.3%","131,303","21.1%","109,075","24.1%","334,813","22.9%","175,974","21.5%","158,839","24.8%","293,561","19.4%","137,154","16.6%","156,407","22.7%","118,720","25.3%","63,676","24.5%","55,044","26.3%","392,763","16.8%","200,810","15.7%","191,953","18.2%","420,038","16.3%","211,352","14.7%","208,686","18.4%","667,257","20.3%","355,684","18.8%","311,573","22.3%","445,605","21.3%","232,550","19.6%","213,055","23.6%","195,058","20.7%","102,499","20.1%","92,559","21.5%","472,519","21.8%","245,426","20.5%","227,093","23.3%","79,606","22.8%","43,019","21.3%","36,587","24.8%","177,026","23.6%","95,733","22.4%","81,293","25.3%","252,357","23.0%","132,925","21.3%","119,432","25.2%","104,784","20.1%","56,977","18.9%","47,807","21.7%","517,888","15.6%","267,087","14.1%","250,801","17.5%","127,355","19.3%","64,911","17.4%","62,444","21.8%","1,247,532","17.9%","623,245","16.2%","624,287","20.0%","818,762","22.4%","431,746","21.2%","387,016","24.1%","63,992","22.0%","34,177","20.0%","29,815","25.0%","868,398","21.4%","470,577","20.6%","397,821","22.4%","304,159","22.3%","160,323","20.7%","143,836","24.4%","290,333","21.0%","149,082","18.8%","141,251","23.9%","936,132","20.5%","495,317","19.3%","440,815","22.2%","81,765","21.0%","41,088","19.1%","40,677","23.4%","389,731","21.9%","204,308","20.8%","185,423","23.4%","79,900","24.1%","42,162","22.4%","37,738","26.5%","532,037","22.2%","291,109","21.8%","240,928","22.8%","1,931,166","18.3%","1,086,767","17.7%","844,399","19.2%","226,430","20.9%","119,858","17.8%","106,572","25.8%","50,842","22.7%","26,878","21.3%","23,964","24.5%","582,997","17.9%","301,962","16.6%","281,035","19.6%","495,081","18.4%","268,686","16.8%","226,395","20.7%","113,200","20.6%","63,435","20.2%","49,765","21.2%","500,468","23.3%","259,074","21.3%","241,394","25.9%","41,206","19.9%","21,717","18.0%","19,489","22.7%","91,507","12.9%","48,780","12.5%","42,727","13.5%","22,827,579","19.7%","12,191,207","18.5%","10,636,372","21.2%"
"        $50,000 to $64,999","264,805","16.3%","160,859","17.5%","103,946","14.7%","42,848","17.5%","24,436","16.7%","18,412","18.6%","366,492","15.2%","209,681","15.1%","156,811","15.4%","146,796","14.7%","87,039","15.8%","59,757","13.4%","1,889,841","13.9%","1,088,831","13.6%","801,010","14.2%","350,477","16.1%","206,346","16.0%","144,131","16.1%","209,272","16.6%","116,850","16.4%","92,422","16.9%","54,250","16.0%","29,926","16.2%","24,324","15.8%","38,761","12.7%","17,088","11.4%","21,673","14.0%","1,013,067","13.8%","580,050","14.2%","433,017","13.2%","558,422","14.6%","314,289","14.9%","244,133","14.1%","90,227","16.7%","50,689","16.9%","39,538","16.4%","86,715","15.1%","56,682","16.2%","30,033","13.3%","727,865","15.8%","400,134","15.5%","327,731","16.2%","381,109","16.3%","240,006","17.8%","141,103","14.1%","213,946","18.4%","130,295","19.6%","83,651","16.7%","181,153","16.8%","108,629","17.4%","72,524","16.0%","241,208","16.5%","143,265","17.5%","97,943","15.3%","228,668","15.1%","130,873","15.8%","97,795","14.2%","80,622","17.2%","49,518","19.0%","31,104","14.9%","368,176","15.8%","196,939","15.4%","171,237","16.2%","416,172","16.2%","222,781","15.5%","193,391","17.1%","533,547","16.2%","315,733","16.7%","217,814","15.6%","381,430","18.2%","220,642","18.6%","160,788","17.8%","133,204","14.2%","79,529","15.6%","53,675","12.4%","359,401","16.6%","206,478","17.3%","152,923","15.7%","53,671","15.4%","30,108","14.9%","23,563","16.0%","133,730","17.8%","79,287","18.5%","54,443","16.9%","158,745","14.4%","93,039","14.9%","65,706","13.8%","91,575","17.6%","53,979","17.9%","37,596","17.1%","498,154","15.0%","263,438","14.0%","234,716","16.4%","97,099","14.7%","57,522","15.4%","39,577","13.8%","1,068,313","15.3%","583,885","15.2%","484,428","15.5%","544,620","14.9%","306,145","15.0%","238,475","14.8%","55,059","19.0%","31,877","18.6%","23,182","19.5%","692,370","17.1%","410,852","18.0%","281,518","15.9%","210,316","15.4%","133,132","17.2%","77,184","13.1%","208,535","15.1%","123,148","15.5%","85,387","14.5%","756,510","16.6%","445,180","17.3%","311,330","15.7%","70,140","18.0%","39,893","18.5%","30,247","17.4%","270,781","15.3%","156,496","15.9%","114,285","14.4%","62,102","18.8%","40,710","21.6%","21,392","15.0%","376,494","15.7%","217,785","16.3%","158,709","15.0%","1,605,543","15.3%","906,699","14.8%","698,844","15.9%","170,477","15.7%","111,010","16.5%","59,467","14.4%","45,191","20.1%","24,826","19.6%","20,365","20.8%","477,876","14.7%","257,035","14.2%","220,841","15.4%","414,824","15.4%","241,411","15.1%","173,413","15.8%","77,189","14.1%","47,116","15.0%","30,073","12.8%","392,961","18.3%","239,995","19.7%","152,966","16.4%","35,069","17.0%","23,070","19.1%","11,999","14.0%","38,564","5.5%","23,819","6.1%","14,745","4.6%","17,925,818","15.5%","10,305,226","15.7%","7,620,592","15.2%"
"        $65,000 to $74,999","100,779","6.2%","64,722","7.1%","36,057","5.1%","23,669","9.7%","14,027","9.6%","9,642","9.8%","151,647","6.3%","93,145","6.7%","58,502","5.7%","55,655","5.6%","33,883","6.1%","21,772","4.9%","872,789","6.4%","504,654","6.3%","368,135","6.5%","172,245","7.9%","102,410","8.0%","69,835","7.8%","105,346","8.4%","56,155","7.9%","49,191","9.0%","26,675","7.9%","13,671","7.4%","13,004","8.4%","26,533","8.7%","11,299","7.5%","15,234","9.8%","419,173","5.7%","240,224","5.9%","178,949","5.5%","252,714","6.6%","138,225","6.6%","114,489","6.6%","41,039","7.6%","23,887","8.0%","17,152","7.1%","36,812","6.4%","26,945","7.7%","9,867","4.4%","343,641","7.5%","201,068","7.8%","142,573","7.0%","158,649","6.8%","103,624","7.7%","55,025","5.5%","87,715","7.5%","56,618","8.5%","31,097","6.2%","74,391","6.9%","46,485","7.5%","27,906","6.2%","97,088","6.6%","62,953","7.7%","34,135","5.3%","99,836","6.6%","60,918","7.4%","38,918","5.7%","35,285","7.5%","20,599","7.9%","14,686","7.0%","184,257","7.9%","101,156","7.9%","83,101","7.9%","205,108","8.0%","108,710","7.5%","96,398","8.5%","241,542","7.3%","147,683","7.8%","93,859","6.7%","170,427","8.2%","101,667","8.5%","68,760","7.6%","52,157","5.5%","32,292","6.3%","19,865","4.6%","146,863","6.8%","87,156","7.3%","59,707","6.1%","23,733","6.8%","16,160","8.0%","7,573","5.1%","53,388","7.1%","33,382","7.8%","20,006","6.2%","70,833","6.4%","41,142","6.6%","29,691","6.3%","39,551","7.6%","22,457","7.5%","17,094","7.8%","243,215","7.3%","132,739","7.0%","110,476","7.7%","38,081","5.8%","25,413","6.8%","12,668","4.4%","519,073","7.5%","282,622","7.3%","236,451","7.6%","218,366","6.0%","131,406","6.4%","86,960","5.4%","22,294","7.7%","14,653","8.6%","7,641","6.4%","292,760","7.2%","176,459","7.7%","116,301","6.6%","83,562","6.1%","53,824","6.9%","29,738","5.0%","102,877","7.4%","60,267","7.6%","42,610","7.2%","351,665","7.7%","213,049","8.3%","138,616","7.0%","32,062","8.2%","18,954","8.8%","13,108","7.6%","111,062","6.3%","68,801","7.0%","42,261","5.3%","21,889","6.6%","14,260","7.6%","7,629","5.4%","138,563","5.8%","81,282","6.1%","57,281","5.4%","680,264","6.5%","404,733","6.6%","275,531","6.3%","83,386","7.7%","59,262","8.8%","24,124","5.8%","17,556","7.8%","10,902","8.6%","6,654","6.8%","222,979","6.9%","121,408","6.7%","101,571","7.1%","206,970","7.7%","124,372","7.8%","82,598","7.5%","38,966","7.1%","25,279","8.0%","13,687","5.8%","176,976","8.2%","109,386","9.0%","67,590","7.3%","16,362","7.9%","10,084","8.3%","6,278","7.3%","17,669","2.5%","10,954","2.8%","6,715","2.1%","7,988,468","6.9%","4,706,472","7.2%","3,281,996","6.6%"
"        $75,000 to $99,999","138,829","8.5%","96,541","10.5%","42,288","6.0%","32,311","13.2%","20,518","14.0%","11,793","11.9%","238,335","9.9%","148,462","10.7%","89,873","8.8%","73,253","7.3%","50,481","9.2%","22,772","5.1%","1,585,371","11.6%","916,698","11.5%","668,673","11.9%","279,109","12.8%","174,767","13.6%","104,342","11.7%","186,110","14.8%","106,006","14.9%","80,104","14.6%","42,665","12.6%","24,258","13.2%","18,407","11.9%","49,533","16.2%","23,300","15.5%","26,233","16.9%","617,258","8.4%","369,961","9.1%","247,297","7.6%","380,621","9.9%","231,468","11.0%","149,153","8.6%","64,200","11.9%","38,147","12.7%","26,053","10.8%","54,672","9.5%","37,552","10.8%","17,120","7.6%","567,783","12.3%","349,451","13.5%","218,332","10.8%","227,986","9.7%","162,597","12.1%","65,389","6.5%","118,620","10.2%","79,527","12.0%","39,093","7.8%","112,399","10.4%","76,839","12.3%","35,560","7.8%","130,682","8.9%","88,694","10.8%","41,988","6.5%","141,394","9.3%","98,757","11.9%","42,637","6.2%","45,908","9.8%","29,170","11.2%","16,738","8.0%","330,746","14.2%","178,611","14.0%","152,135","14.4%","392,217","15.2%","222,824","15.5%","169,393","14.9%","364,523","11.1%","239,428","12.7%","125,095","8.9%","280,049","13.4%","174,330","14.7%","105,719","11.7%","70,079","7.4%","47,801","9.4%","22,278","5.2%","213,474","9.8%","137,788","11.5%","75,686","7.8%","35,099","10.1%","23,767","11.8%","11,332","7.7%","75,353","10.0%","51,135","11.9%","24,218","7.5%","105,278","9.6%","69,895","11.2%","35,383","7.5%","69,186","13.3%","42,404","14.1%","26,782","12.2%","440,304","13.3%","247,972","13.1%","192,332","13.4%","61,438","9.3%","42,624","11.4%","18,814","6.6%","914,589","13.1%","509,721","13.3%","404,868","13.0%","326,902","9.0%","205,930","10.1%","120,972","7.5%","30,679","10.6%","22,722","13.3%","7,957","6.7%","455,115","11.2%","296,026","13.0%","159,089","9.0%","125,979","9.2%","89,340","11.5%","36,639","6.2%","165,633","12.0%","104,881","13.2%","60,752","10.3%","537,821","11.8%","330,923","12.9%","206,898","10.4%","52,702","13.5%","30,086","14.0%","22,616","13.0%","159,695","9.0%","104,450","10.6%","55,245","7.0%","25,233","7.6%","17,508","9.3%","7,725","5.4%","200,703","8.4%","132,197","9.9%","68,506","6.5%","1,040,144","9.9%","685,361","11.2%","354,783","8.1%","122,442","11.3%","91,599","13.6%","30,843","7.5%","23,762","10.6%","13,002","10.3%","10,760","11.0%","380,163","11.7%","227,909","12.6%","152,254","10.6%","354,333","13.2%","221,370","13.9%","132,963","12.2%","49,096","8.9%","35,227","11.2%","13,869","5.9%","237,093","11.0%","154,362","12.7%","82,731","8.9%","23,903","11.6%","17,696","14.6%","6,207","7.2%","22,824","3.2%","14,117","3.6%","8,707","2.7%","12,750,772","11.0%","7,892,083","12.0%","4,858,689","9.7%"
"        $100,000 or more","180,521","11.1%","137,042","14.9%","43,479","6.1%","39,874","16.3%","28,621","19.6%","11,253","11.4%","331,306","13.8%","240,824","17.3%","90,482","8.9%","92,933","9.3%","70,198","12.7%","22,735","5.1%","3,072,257","22.6%","2,070,404","25.9%","1,001,853","17.8%","418,157","19.2%","304,565","23.7%","113,592","12.7%","294,031","23.3%","203,034","28.5%","90,997","16.6%","53,744","15.9%","37,387","20.3%","16,357","10.6%","114,809","37.6%","65,003","43.3%","49,806","32.1%","873,033","11.9%","631,875","15.5%","241,158","7.4%","537,533","14.0%","383,713","18.2%","153,820","8.9%","77,126","14.3%","49,950","16.7%","27,176","11.3%","62,604","10.9%","49,235","14.1%","13,369","5.9%","839,319","18.2%","594,684","23.0%","244,635","12.1%","276,275","11.8%","209,344","15.6%","66,931","6.7%","127,326","10.9%","98,319","14.8%","29,007","5.8%","125,710","11.7%","97,652","15.7%","28,058","6.2%","142,618","9.8%","103,492","12.6%","39,126","6.1%","189,006","12.5%","151,049","18.3%","37,957","5.5%","51,090","10.9%","36,555","14.1%","14,535","6.9%","557,496","23.9%","351,776","27.5%","205,720","19.5%","668,685","26.0%","449,482","31.2%","219,203","19.3%","473,148","14.4%","353,411","18.7%","119,737","8.6%","362,415","17.3%","253,960","21.4%","108,455","12.0%","78,678","8.4%","59,202","11.6%","19,476","4.5%","253,700","11.7%","181,291","15.2%","72,409","7.4%","37,514","10.7%","30,392","15.1%","7,122","4.8%","84,436","11.3%","64,450","15.1%","19,986","6.2%","130,609","11.9%","89,536","14.3%","41,073","8.7%","97,738","18.8%","70,510","23.4%","27,228","12.4%","858,741","25.9%","599,387","31.7%","259,354","18.1%","73,401","11.1%","53,059","14.2%","20,342","7.1%","1,521,650","21.9%","978,821","25.5%","542,829","17.4%","474,046","13.0%","338,420","16.6%","135,626","8.4%","37,362","12.9%","30,251","17.7%","7,111","6.0%","500,881","12.3%","365,894","16.0%","134,987","7.6%","139,252","10.2%","109,779","14.1%","29,473","5.0%","232,456","16.8%","165,414","20.8%","67,042","11.4%","691,940","15.2%","493,634","19.2%","198,306","10.0%","59,727","15.4%","40,906","19.0%","18,821","10.8%","200,057","11.3%","151,594","15.4%","48,463","6.1%","28,818","8.7%","22,816","12.1%","6,002","4.2%","280,604","11.7%","207,642","15.5%","72,962","6.9%","1,598,502","15.2%","1,201,497","19.6%","397,005","9.0%","159,160","14.7%","134,929","20.1%","24,231","5.9%","25,296","11.3%","18,214","14.4%","7,082","7.2%","699,516","21.5%","481,846","26.6%","217,670","15.2%","614,927","22.8%","444,948","27.9%","169,979","15.5%","53,778","9.8%","40,055","12.7%","13,723","5.9%","247,285","11.5%","180,568","14.8%","66,717","7.2%","26,252","12.7%","21,673","17.9%","4,579","5.3%","25,534","3.6%","17,090","4.4%","8,444","2.7%","19,167,342","16.5%","13,548,303","20.6%","5,619,039","11.2%"
"        Median earnings (dollars) for full-time, year-round workers with earnings","42,414","(X)","50,018","(X)","37,161","(X)","54,311","(X)","60,147","(X)","50,832","(X)","45,667","(X)","49,773","(X)","41,496","(X)","40,345","(X)","44,631","(X)","35,467","(X)","52,566","(X)","57,016","(X)","50,220","(X)","53,957","(X)","60,334","(X)","48,258","(X)","61,295","(X)","66,477","(X)","55,636","(X)","51,421","(X)","56,350","(X)","46,907","(X)","80,445","(X)","87,603","(X)","72,750","(X)","41,299","(X)","45,136","(X)","37,458","(X)","45,203","(X)","50,346","(X)","40,481","(X)","50,223","(X)","52,033","(X)","46,524","(X)","43,184","(X)","48,861","(X)","36,761","(X)","51,855","(X)","58,579","(X)","45,967","(X)","45,475","(X)","51,322","(X)","38,913","(X)","47,081","(X)","52,070","(X)","40,681","(X)","46,481","(X)","51,291","(X)","40,848","(X)","42,834","(X)","48,545","(X)","38,763","(X)","43,919","(X)","51,733","(X)","37,075","(X)","46,246","(X)","51,029","(X)","40,873","(X)","60,744","(X)","63,272","(X)","56,545","(X)","63,353","(X)","70,483","(X)","57,289","(X)","48,721","(X)","53,150","(X)","41,475","(X)","54,202","(X)","60,441","(X)","49,242","(X)","39,121","(X)","43,024","(X)","33,140","(X)","45,427","(X)","50,558","(X)","40,496","(X)","43,131","(X)","49,778","(X)","38,752","(X)","46,645","(X)","51,412","(X)","41,148","(X)","42,642","(X)","46,706","(X)","40,775","(X)","55,283","(X)","60,406","(X)","49,291","(X)","61,002","(X)","67,007","(X)","53,810","(X)","41,615","(X)","46,982","(X)","36,659","(X)","56,393","(X)","60,686","(X)","51,927","(X)","43,670","(X)","47,524","(X)","40,640","(X)","50,023","(X)","54,899","(X)","41,718","(X)","47,496","(X)","52,039","(X)","41,184","(X)","42,051","(X)","49,721","(X)","36,494","(X)","50,712","(X)","55,654","(X)","44,634","(X)","50,626","(X)","55,221","(X)","43,791","(X)","52,157","(X)","57,278","(X)","48,556","(X)","42,237","(X)","48,541","(X)","37,584","(X)","43,750","(X)","50,196","(X)","37,765","(X)","42,395","(X)","47,626","(X)","38,284","(X)","46,434","(X)","51,125","(X)","40,670","(X)","49,373","(X)","57,117","(X)","39,784","(X)","49,842","(X)","51,212","(X)","46,616","(X)","53,087","(X)","60,285","(X)","48,209","(X)","58,341","(X)","63,988","(X)","50,612","(X)","41,322","(X)","46,946","(X)","35,748","(X)","49,080","(X)","52,305","(X)","42,360","(X)","49,239","(X)","57,339","(X)","37,302","(X)","23,110","(X)","22,793","(X)","23,455","(X)","49,898","(X)","52,989","(X)","43,215","(X)"
"        Mean earnings (dollars) for full-time, year-round workers with earnings","55,985","(X)","64,038","(X)","45,569","(X)","66,176","(X)","70,419","(X)","59,902","(X)","61,045","(X)","67,394","(X)","52,395","(X)","53,689","(X)","61,770","(X)","43,743","(X)","77,330","(X)","84,910","(X)","66,586","(X)","72,952","(X)","81,117","(X)","61,184","(X)","86,624","(X)","98,421","(X)","71,265","(X)","66,777","(X)","74,386","(X)","57,689","(X)","103,354","(X)","113,495","(X)","93,551","(X)","58,265","(X)","66,072","(X)","48,534","(X)","62,457","(X)","70,663","(X)","52,451","(X)","62,599","(X)","66,530","(X)","57,704","(X)","57,029","(X)","63,576","(X)","46,872","(X)","71,175","(X)","80,560","(X)","59,221","(X)","59,941","(X)","68,413","(X)","48,542","(X)","59,505","(X)","67,587","(X)","48,827","(X)","60,178","(X)","68,569","(X)","48,635","(X)","55,887","(X)","62,882","(X)","46,949","(X)","58,056","(X)","68,790","(X)","45,168","(X)","58,676","(X)","65,117","(X)","50,672","(X)","78,962","(X)","86,613","(X)","69,676","(X)","85,762","(X)","95,440","(X)","73,471","(X)","63,827","(X)","72,062","(X)","52,698","(X)","70,898","(X)","78,412","(X)","60,982","(X)","51,026","(X)","58,559","(X)","42,122","(X)","59,284","(X)","66,825","(X)","50,047","(X)","57,827","(X)","66,345","(X)","46,168","(X)","59,417","(X)","67,178","(X)","49,094","(X)","60,149","(X)","66,888","(X)","51,280","(X)","72,048","(X)","80,647","(X)","60,302","(X)","85,284","(X)","97,383","(X)","69,312","(X)","55,313","(X)","61,657","(X)","47,050","(X)","80,779","(X)","89,787","(X)","69,668","(X)","60,566","(X)","68,211","(X)","50,855","(X)","62,755","(X)","71,711","(X)","49,881","(X)","61,821","(X)","70,012","(X)","51,272","(X)","56,695","(X)","65,542","(X)","45,059","(X)","67,049","(X)","74,419","(X)","57,137","(X)","66,940","(X)","75,037","(X)","56,454","(X)","67,582","(X)","74,585","(X)","58,879","(X)","57,538","(X)","65,931","(X)","47,126","(X)","55,431","(X)","63,212","(X)","45,125","(X)","59,165","(X)","67,145","(X)","49,072","(X)","63,806","(X)","72,170","(X)","52,142","(X)","65,226","(X)","75,509","(X)","48,490","(X)","60,545","(X)","66,043","(X)","53,437","(X)","73,890","(X)","83,125","(X)","62,204","(X)","78,254","(X)","87,557","(X)","64,678","(X)","53,282","(X)","58,841","(X)","45,823","(X)","61,325","(X)","68,354","(X)","52,123","(X)","60,298","(X)","70,263","(X)","46,256","(X)","33,734","(X)","35,342","(X)","31,756","(X)","67,687","(X)","75,998","(X)","56,762","(X)"
"MEDIAN EARNINGS BY EDUCATIONAL ATTAINMENT","","","","","","","","","","","","","","","","","","","","","","","","","","","","","","","","","","","","","","","","","","","","","","","","","","","","","","","","","","","","","","","","","","","","","","","","","","","","","","","","","","","","","","","","","","","","","","","","","","","","","","","","","","","","","","","","","","","","","","","","","","","","","","","","","","","","","","","","","","","","","","","","","","","","","","","","","","","","","","","","","","","","","","","","","","","","","","","","","","","","","","","","","","","","","","","","","","","","","","","","","","","","","","","","","","","","","","","","","","","","","","","","","","","","","","","","","","","","","","","","","","","","","","","","","","","","","","","","","","","","","","","","","","","","","","","","","","","","","","","","","","","","","","","","","","","","","","","","","","","","","","","","","","","","","","","","","","","","","",""
"    Population 25 years and over with earnings","37,217","(X)","45,762","(X)","30,659","(X)","47,809","(X)","52,364","(X)","40,605","(X)","39,956","(X)","44,470","(X)","34,293","(X)","35,215","(X)","40,781","(X)","30,148","(X)","45,095","(X)","50,839","(X)","38,688","(X)","46,887","(X)","55,136","(X)","38,201","(X)","50,788","(X)","59,349","(X)","42,046","(X)","43,164","(X)","50,632","(X)","37,424","(X)","71,361","(X)","77,356","(X)","66,477","(X)","36,021","(X)","40,688","(X)","31,616","(X)","40,312","(X)","46,313","(X)","34,251","(X)","44,557","(X)","50,142","(X)","40,256","(X)","36,445","(X)","45,013","(X)","28,586","(X)","45,015","(X)","52,301","(X)","36,806","(X)","39,833","(X)","47,393","(X)","31,687","(X)","41,268","(X)","49,273","(X)","33,723","(X)","41,181","(X)","49,198","(X)","33,378","(X)","37,674","(X)","44,055","(X)","31,988","(X)","37,599","(X)","47,438","(X)","30,864","(X)","39,550","(X)","45,120","(X)","33,623","(X)","52,011","(X)","59,540","(X)","46,552","(X)","52,470","(X)","61,632","(X)","46,178","(X)","40,450","(X)","48,652","(X)","32,129","(X)","47,050","(X)","53,404","(X)","40,309","(X)","32,574","(X)","40,549","(X)","27,427","(X)","40,078","(X)","46,379","(X)","33,514","(X)","36,953","(X)","43,604","(X)","30,649","(X)","41,488","(X)","48,359","(X)","35,161","(X)","39,505","(X)","42,200","(X)","35,206","(X)","47,392","(X)","54,997","(X)","40,315","(X)","51,786","(X)","61,151","(X)","42,862","(X)","35,284","(X)","41,281","(X)","30,113","(X)","47,645","(X)","52,482","(X)","41,655","(X)","38,534","(X)","43,126","(X)","32,807","(X)","43,865","(X)","51,738","(X)","35,625","(X)","40,586","(X)","47,916","(X)","32,696","(X)","38,088","(X)","46,073","(X)","31,078","(X)","40,774","(X)","47,450","(X)","34,948","(X)","42,229","(X)","50,623","(X)","35,690","(X)","46,060","(X)","51,838","(X)","40,366","(X)","37,727","(X)","44,366","(X)","31,677","(X)","38,646","(X)","45,154","(X)","31,822","(X)","37,610","(X)","44,215","(X)","31,983","(X)","40,895","(X)","48,069","(X)","32,862","(X)","41,679","(X)","53,216","(X)","31,142","(X)","41,496","(X)","46,037","(X)","37,659","(X)","46,873","(X)","54,616","(X)","40,007","(X)","48,567","(X)","56,983","(X)","39,621","(X)","35,440","(X)","41,832","(X)","28,228","(X)","42,222","(X)","50,185","(X)","36,278","(X)","40,800","(X)","51,903","(X)","31,119","(X)","18,587","(X)","18,521","(X)","18,651","(X)","41,801","(X)","50,016","(X)","35,728","(X)"
"        Less than high school graduate","22,395","(X)","27,717","(X)","17,325","(X)","23,264","(X)","26,958","(X)","20,174","(X)","25,701","(X)","30,050","(X)","20,966","(X)","25,695","(X)","29,142","(X)","20,921","(X)","25,949","(X)","30,720","(X)","20,245","(X)","30,968","(X)","39,266","(X)","20,379","(X)","24,426","(X)","26,992","(X)","21,442","(X)","31,024","(X)","39,075","(X)","19,243","(X)","30,883","(X)","36,028","(X)","22,967","(X)","23,292","(X)","26,745","(X)","19,005","(X)","25,479","(X)","29,218","(X)","20,170","(X)","31,620","(X)","32,580","(X)","30,434","(X)","27,667","(X)","32,542","(X)","19,448","(X)","27,186","(X)","31,539","(X)","21,851","(X)","27,765","(X)","33,430","(X)","20,259","(X)","30,381","(X)","35,996","(X)","20,977","(X)","26,549","(X)","32,358","(X)","19,922","(X)","24,631","(X)","29,567","(X)","18,320","(X)","22,913","(X)","29,653","(X)","17,030","(X)","25,504","(X)","30,174","(X)","19,544","(X)","30,300","(X)","35,785","(X)","22,166","(X)","30,693","(X)","35,290","(X)","24,140","(X)","23,192","(X)","27,318","(X)","18,494","(X)","28,327","(X)","32,477","(X)","22,271","(X)","20,764","(X)","25,766","(X)","15,894","(X)","24,831","(X)","29,841","(X)","18,587","(X)","27,804","(X)","35,554","(X)","21,543","(X)","30,298","(X)","35,188","(X)","22,998","(X)","29,609","(X)","32,156","(X)","22,654","(X)","30,119","(X)","33,161","(X)","24,584","(X)","28,427","(X)","31,983","(X)","21,040","(X)","21,016","(X)","26,968","(X)","13,216","(X)","26,036","(X)","30,358","(X)","21,109","(X)","23,976","(X)","27,737","(X)","18,370","(X)","28,756","(X)","38,198","(X)","20,968","(X)","24,836","(X)","30,803","(X)","18,091","(X)","24,760","(X)","30,376","(X)","18,173","(X)","27,408","(X)","31,394","(X)","22,350","(X)","26,343","(X)","32,445","(X)","18,646","(X)","31,893","(X)","35,764","(X)","29,139","(X)","23,085","(X)","28,454","(X)","17,126","(X)","22,131","(X)","25,485","(X)","16,298","(X)","25,365","(X)","28,277","(X)","19,620","(X)","25,282","(X)","30,785","(X)","17,734","(X)","28,028","(X)","34,272","(X)","21,459","(X)","27,052","(X)","29,144","(X)","20,958","(X)","23,892","(X)","30,319","(X)","18,704","(X)","30,627","(X)","34,325","(X)","23,607","(X)","20,200","(X)","24,169","(X)","15,848","(X)","29,561","(X)","34,153","(X)","22,373","(X)","29,982","(X)","34,420","(X)","17,688","(X)","11,259","(X)","11,756","(X)","9,167","(X)","25,876","(X)","30,725","(X)","20,046","(X)"
"        High school graduate (includes equivalency)","30,845","(X)","36,803","(X)","23,164","(X)","36,522","(X)","41,799","(X)","27,842","(X)","31,371","(X)","35,931","(X)","26,291","(X)","30,057","(X)","35,069","(X)","23,669","(X)","33,494","(X)","39,805","(X)","27,455","(X)","35,537","(X)","41,076","(X)","27,236","(X)","37,017","(X)","43,576","(X)","28,562","(X)","33,671","(X)","41,265","(X)","28,688","(X)","31,768","(X)","31,954","(X)","31,600","(X)","30,064","(X)","33,051","(X)","24,581","(X)","31,184","(X)","36,335","(X)","25,338","(X)","35,573","(X)","39,809","(X)","30,539","(X)","31,395","(X)","37,145","(X)","23,548","(X)","32,304","(X)","40,659","(X)","25,628","(X)","32,101","(X)","40,733","(X)","25,562","(X)","33,066","(X)","41,116","(X)","25,218","(X)","32,106","(X)","39,243","(X)","24,087","(X)","31,313","(X)","37,159","(X)","23,446","(X)","30,786","(X)","41,161","(X)","22,078","(X)","31,798","(X)","38,043","(X)","25,700","(X)","36,700","(X)","42,122","(X)","30,657","(X)","39,463","(X)","46,189","(X)","30,993","(X)","31,028","(X)","37,006","(X)","24,386","(X)","35,337","(X)","41,380","(X)","27,252","(X)","27,158","(X)","34,438","(X)","20,904","(X)","31,297","(X)","36,978","(X)","25,444","(X)","30,843","(X)","40,076","(X)","21,504","(X)","32,174","(X)","39,866","(X)","25,117","(X)","32,879","(X)","37,179","(X)","30,016","(X)","37,820","(X)","44,601","(X)","30,207","(X)","35,048","(X)","41,710","(X)","27,397","(X)","29,002","(X)","32,595","(X)","23,892","(X)","33,491","(X)","40,563","(X)","27,124","(X)","30,369","(X)","35,532","(X)","24,257","(X)","34,343","(X)","43,428","(X)","23,742","(X)","31,514","(X)","38,915","(X)","24,621","(X)","31,766","(X)","40,027","(X)","24,565","(X)","31,451","(X)","36,668","(X)","26,233","(X)","32,567","(X)","40,980","(X)","25,774","(X)","36,883","(X)","42,256","(X)","31,177","(X)","30,592","(X)","36,972","(X)","23,893","(X)","31,306","(X)","39,083","(X)","24,381","(X)","30,596","(X)","36,039","(X)","24,529","(X)","31,234","(X)","37,443","(X)","24,096","(X)","34,667","(X)","45,268","(X)","26,565","(X)","32,425","(X)","37,496","(X)","26,935","(X)","32,366","(X)","40,060","(X)","26,429","(X)","36,441","(X)","42,508","(X)","29,280","(X)","30,573","(X)","40,176","(X)","22,331","(X)","33,547","(X)","40,729","(X)","27,155","(X)","36,929","(X)","51,652","(X)","26,036","(X)","15,055","(X)","15,866","(X)","12,521","(X)","31,956","(X)","38,906","(X)","25,829","(X)"
"        Some college or associate's degree","35,107","(X)","45,748","(X)","28,180","(X)","47,878","(X)","55,895","(X)","37,463","(X)","37,016","(X)","42,462","(X)","31,661","(X)","31,778","(X)","40,116","(X)","27,318","(X)","41,090","(X)","48,759","(X)","35,131","(X)","40,819","(X)","50,046","(X)","31,843","(X)","42,884","(X)","52,000","(X)","36,344","(X)","38,048","(X)","45,961","(X)","34,361","(X)","44,248","(X)","47,906","(X)","42,343","(X)","34,752","(X)","40,306","(X)","31,099","(X)","35,846","(X)","45,234","(X)","30,197","(X)","41,842","(X)","48,032","(X)","37,413","(X)","33,984","(X)","44,231","(X)","26,485","(X)","39,400","(X)","50,143","(X)","31,616","(X)","37,154","(X)","47,787","(X)","30,546","(X)","39,073","(X)","47,472","(X)","31,540","(X)","36,994","(X)","46,595","(X)","29,867","(X)","35,326","(X)","43,138","(X)","30,323","(X)","35,064","(X)","46,730","(X)","29,322","(X)","36,274","(X)","43,064","(X)","30,404","(X)","44,022","(X)","51,521","(X)","38,518","(X)","42,066","(X)","51,959","(X)","35,925","(X)","36,272","(X)","45,243","(X)","30,232","(X)","41,858","(X)","51,086","(X)","34,926","(X)","31,459","(X)","41,180","(X)","26,246","(X)","36,127","(X)","42,579","(X)","30,554","(X)","33,040","(X)","40,902","(X)","27,266","(X)","38,209","(X)","47,080","(X)","30,951","(X)","40,057","(X)","44,629","(X)","34,179","(X)","42,368","(X)","52,182","(X)","35,159","(X)","44,983","(X)","52,881","(X)","36,865","(X)","32,187","(X)","40,860","(X)","27,071","(X)","41,421","(X)","50,095","(X)","35,792","(X)","34,861","(X)","41,280","(X)","30,196","(X)","41,818","(X)","51,913","(X)","31,948","(X)","36,821","(X)","46,524","(X)","30,594","(X)","35,955","(X)","45,929","(X)","29,667","(X)","36,817","(X)","44,627","(X)","31,028","(X)","39,075","(X)","46,600","(X)","31,757","(X)","40,363","(X)","49,079","(X)","36,215","(X)","35,994","(X)","42,897","(X)","30,074","(X)","36,732","(X)","45,548","(X)","31,024","(X)","35,518","(X)","42,157","(X)","30,435","(X)","38,121","(X)","46,823","(X)","31,655","(X)","37,247","(X)","48,412","(X)","28,822","(X)","39,882","(X)","49,067","(X)","32,556","(X)","40,071","(X)","47,468","(X)","33,305","(X)","42,030","(X)","51,279","(X)","35,000","(X)","32,380","(X)","41,817","(X)","26,791","(X)","40,482","(X)","49,314","(X)","32,535","(X)","36,885","(X)","51,650","(X)","28,930","(X)","17,187","(X)","18,764","(X)","16,098","(X)","38,125","(X)","46,610","(X)","31,644","(X)"
"        Bachelor's degree","50,643","(X)","65,228","(X)","40,785","(X)","53,033","(X)","63,483","(X)","47,286","(X)","52,077","(X)","64,393","(X)","45,607","(X)","46,964","(X)","58,731","(X)","40,269","(X)","65,078","(X)","76,836","(X)","55,499","(X)","58,229","(X)","70,702","(X)","47,480","(X)","64,143","(X)","77,320","(X)","51,685","(X)","56,603","(X)","66,934","(X)","50,667","(X)","75,222","(X)","81,168","(X)","70,263","(X)","47,810","(X)","57,084","(X)","41,748","(X)","53,662","(X)","67,400","(X)","46,720","(X)","52,183","(X)","61,876","(X)","47,277","(X)","46,364","(X)","61,193","(X)","37,485","(X)","60,357","(X)","72,449","(X)","50,542","(X)","50,630","(X)","62,463","(X)","42,026","(X)","51,751","(X)","62,367","(X)","43,760","(X)","51,678","(X)","65,370","(X)","44,206","(X)","50,711","(X)","60,151","(X)","42,327","(X)","50,699","(X)","62,789","(X)","42,914","(X)","47,375","(X)","55,497","(X)","40,739","(X)","65,193","(X)","75,922","(X)","56,508","(X)","65,373","(X)","80,139","(X)","54,966","(X)","54,634","(X)","68,559","(X)","43,105","(X)","60,316","(X)","71,112","(X)","50,964","(X)","44,148","(X)","52,916","(X)","38,744","(X)","51,217","(X)","61,474","(X)","42,592","(X)","42,150","(X)","50,386","(X)","37,872","(X)","50,779","(X)","61,412","(X)","43,469","(X)","50,293","(X)","56,892","(X)","44,728","(X)","60,544","(X)","74,041","(X)","51,001","(X)","67,038","(X)","81,012","(X)","57,310","(X)","45,109","(X)","50,762","(X)","40,904","(X)","62,699","(X)","72,237","(X)","55,471","(X)","50,977","(X)","65,048","(X)","43,584","(X)","51,854","(X)","62,148","(X)","46,338","(X)","53,680","(X)","65,725","(X)","46,262","(X)","47,828","(X)","61,013","(X)","40,789","(X)","52,498","(X)","65,282","(X)","44,295","(X)","55,326","(X)","66,071","(X)","47,119","(X)","57,398","(X)","64,281","(X)","50,834","(X)","50,734","(X)","64,236","(X)","41,000","(X)","47,630","(X)","52,350","(X)","41,503","(X)","50,633","(X)","62,661","(X)","41,901","(X)","56,853","(X)","70,512","(X)","50,132","(X)","51,611","(X)","69,239","(X)","36,800","(X)","47,170","(X)","53,382","(X)","41,482","(X)","61,529","(X)","77,025","(X)","50,898","(X)","62,447","(X)","80,202","(X)","50,833","(X)","45,304","(X)","52,162","(X)","40,483","(X)","52,425","(X)","65,349","(X)","46,401","(X)","47,962","(X)","56,735","(X)","36,361","(X)","24,668","(X)","29,078","(X)","22,596","(X)","56,344","(X)","69,201","(X)","47,895","(X)"
"        Graduate or professional degree","60,922","(X)","81,364","(X)","52,783","(X)","71,947","(X)","79,070","(X)","67,985","(X)","69,902","(X)","85,468","(X)","60,111","(X)","62,027","(X)","75,326","(X)","56,093","(X)","92,334","(X)","110,857","(X)","79,489","(X)","71,616","(X)","90,789","(X)","60,678","(X)","85,175","(X)","102,157","(X)","72,333","(X)","70,579","(X)","84,397","(X)","61,011","(X)","101,956","(X)","112,480","(X)","94,472","(X)","62,425","(X)","80,861","(X)","53,455","(X)","70,027","(X)","88,819","(X)","61,467","(X)","72,035","(X)","80,771","(X)","68,846","(X)","60,816","(X)","69,796","(X)","52,416","(X)","76,363","(X)","94,878","(X)","64,855","(X)","65,941","(X)","81,516","(X)","54,866","(X)","66,887","(X)","79,149","(X)","61,074","(X)","62,008","(X)","77,375","(X)","55,868","(X)","60,270","(X)","72,106","(X)","54,290","(X)","60,992","(X)","80,954","(X)","52,032","(X)","60,347","(X)","70,482","(X)","52,855","(X)","89,066","(X)","105,607","(X)","77,338","(X)","85,717","(X)","102,236","(X)","75,099","(X)","71,623","(X)","89,535","(X)","61,322","(X)","75,925","(X)","90,214","(X)","68,321","(X)","56,208","(X)","75,537","(X)","51,043","(X)","63,368","(X)","80,008","(X)","55,534","(X)","58,287","(X)","71,637","(X)","50,076","(X)","61,853","(X)","76,735","(X)","55,585","(X)","66,105","(X)","80,075","(X)","57,018","(X)","71,884","(X)","90,441","(X)","62,026","(X)","92,098","(X)","113,315","(X)","76,287","(X)","62,501","(X)","81,914","(X)","56,221","(X)","81,041","(X)","96,831","(X)","71,954","(X)","65,620","(X)","87,085","(X)","55,612","(X)","61,288","(X)","71,399","(X)","57,060","(X)","71,180","(X)","85,297","(X)","62,258","(X)","61,092","(X)","81,330","(X)","51,547","(X)","70,854","(X)","87,516","(X)","60,994","(X)","73,805","(X)","89,986","(X)","65,393","(X)","76,827","(X)","89,676","(X)","68,319","(X)","60,788","(X)","77,210","(X)","53,390","(X)","57,244","(X)","67,214","(X)","52,222","(X)","62,832","(X)","80,936","(X)","55,152","(X)","72,195","(X)","94,914","(X)","61,195","(X)","76,099","(X)","91,781","(X)","56,886","(X)","61,617","(X)","75,955","(X)","55,280","(X)","85,582","(X)","107,620","(X)","67,071","(X)","86,167","(X)","104,036","(X)","71,297","(X)","58,802","(X)","72,779","(X)","52,299","(X)","67,112","(X)","78,021","(X)","61,368","(X)","61,288","(X)","61,460","(X)","61,187","(X)","34,649","(X)","43,842","(X)","31,040","(X)","75,495","(X)","93,998","(X)","63,912","(X)"